Path,ClassId,Predict
Test/00012.png,23,30
Test/00033.png,23,31
Test/00049.png,8,25
Test/00050.png,25,4
Test/00083.png,7,8
Test/00087.png,7,8
Test/00114.png,30,23
Test/00127.png,30,31
Test/00145.png,25,27
Test/00163.png,25,21
Test/00198.png,18,11
Test/00213.png,5,2
Test/00245.png,40,37
Test/00250.png,20,28
Test/00265.png,12,32
Test/00270.png,18,24
Test/00287.png,30,24
Test/00309.png,38,13
Test/00335.png,6,12
Test/00347.png,7,8
Test/00368.png,19,31
Test/00374.png,26,18
Test/00421.png,4,7
Test/00427.png,20,5
Test/00453.png,40,37
Test/00455.png,38,11
Test/00475.png,12,11
Test/00492.png,4,1
Test/00496.png,30,11
Test/00537.png,6,32
Test/00550.png,4,2
Test/00582.png,7,8
Test/00624.png,7,8
Test/00667.png,13,15
Test/00708.png,18,26
Test/00733.png,38,15
Test/00757.png,12,11
Test/00764.png,12,11
Test/00780.png,2,21
Test/00804.png,12,32
Test/00805.png,2,1
Test/00809.png,0,1
Test/00829.png,27,24
Test/00904.png,27,26
Test/00914.png,18,20
Test/00951.png,31,30
Test/00982.png,1,25
Test/00995.png,38,36
Test/01008.png,12,11
Test/01061.png,12,2
Test/01065.png,7,5
Test/01079.png,21,11
Test/01080.png,2,1
Test/01104.png,23,31
Test/01177.png,18,28
Test/01200.png,5,2
Test/01228.png,11,30
Test/01276.png,18,25
Test/01278.png,5,2
Test/01317.png,25,11
Test/01363.png,11,30
Test/01364.png,8,20
Test/01389.png,18,26
Test/01431.png,27,11
Test/01449.png,12,36
Test/01475.png,18,32
Test/01489.png,12,15
Test/01492.png,5,2
Test/01526.png,38,13
Test/01552.png,5,2
Test/01560.png,42,41
Test/01575.png,38,0
Test/01597.png,26,25
Test/01614.png,12,35
Test/01618.png,12,36
Test/01628.png,21,19
Test/01660.png,7,8
Test/01662.png,17,13
Test/01671.png,10,23
Test/01710.png,1,4
Test/01745.png,5,15
Test/01757.png,7,8
Test/01763.png,41,9
Test/01774.png,4,1
Test/01781.png,38,13
Test/01797.png,31,29
Test/01812.png,12,11
Test/01819.png,6,12
Test/01844.png,5,2
Test/01861.png,42,11
Test/01868.png,25,11
Test/01910.png,22,25
Test/01932.png,1,5
Test/01935.png,17,13
Test/02016.png,8,9
Test/02065.png,18,26
Test/02069.png,18,24
Test/02076.png,33,36
Test/02086.png,28,29
Test/02095.png,37,38
Test/02102.png,7,8
Test/02109.png,30,1
Test/02112.png,18,27
Test/02120.png,38,13
Test/02157.png,27,11
Test/02179.png,12,2
Test/02258.png,12,15
Test/02288.png,30,24
Test/02332.png,42,7
Test/02340.png,7,8
Test/02342.png,18,11
Test/02376.png,4,1
Test/02378.png,25,11
Test/02383.png,7,5
Test/02394.png,7,5
Test/02407.png,23,11
Test/02425.png,18,31
Test/02476.png,23,28
Test/02481.png,11,30
Test/02482.png,25,11
Test/02483.png,17,15
Test/02494.png,2,1
Test/02506.png,40,37
Test/02546.png,7,5
Test/02547.png,17,13
Test/02559.png,23,19
Test/02577.png,4,14
Test/02599.png,30,11
Test/02615.png,12,11
Test/02617.png,5,2
Test/02630.png,7,8
Test/02650.png,37,38
Test/02651.png,12,36
Test/02725.png,35,34
Test/02748.png,27,21
Test/02751.png,24,11
Test/02784.png,38,13
Test/02833.png,17,13
Test/02842.png,11,1
Test/02846.png,23,28
Test/02847.png,27,18
Test/02863.png,23,11
Test/02886.png,10,4
Test/02918.png,23,30
Test/02954.png,23,31
Test/02980.png,41,9
Test/03052.png,25,11
Test/03086.png,8,3
Test/03101.png,18,25
Test/03112.png,23,19
Test/03114.png,23,30
Test/03147.png,1,4
Test/03172.png,18,7
Test/03173.png,38,13
Test/03213.png,12,38
Test/03250.png,27,26
Test/03260.png,10,23
Test/03294.png,21,19
Test/03310.png,25,11
Test/03324.png,35,13
Test/03370.png,12,32
Test/03373.png,23,31
Test/03420.png,0,1
Test/03434.png,5,7
Test/03468.png,1,2
Test/03561.png,6,32
Test/03564.png,27,11
Test/03587.png,11,21
Test/03590.png,17,13
Test/03591.png,7,8
Test/03593.png,41,9
Test/03626.png,11,30
Test/03643.png,18,24
Test/03655.png,3,5
Test/03704.png,40,35
Test/03723.png,38,13
Test/03725.png,11,30
Test/03727.png,26,22
Test/03739.png,18,11
Test/03748.png,12,25
Test/03778.png,30,31
Test/03791.png,5,7
Test/03797.png,2,1
Test/03857.png,5,15
Test/03960.png,18,11
Test/03975.png,40,37
Test/03981.png,18,1
Test/03986.png,17,15
Test/04006.png,31,21
Test/04036.png,38,32
Test/04065.png,29,19
Test/04084.png,12,11
Test/04111.png,17,15
Test/04142.png,18,26
Test/04185.png,21,6
Test/04199.png,12,6
Test/04219.png,13,38
Test/04251.png,11,30
Test/04252.png,18,26
Test/04260.png,11,1
Test/04267.png,3,5
Test/04271.png,6,12
Test/04281.png,8,7
Test/04314.png,26,18
Test/04377.png,1,4
Test/04415.png,11,30
Test/04427.png,12,35
Test/04437.png,20,11
Test/04456.png,27,24
Test/04479.png,21,19
Test/04532.png,10,23
Test/04535.png,18,25
Test/04560.png,5,2
Test/04562.png,27,1
Test/04575.png,8,20
Test/04585.png,27,11
Test/04601.png,4,1
Test/04629.png,7,8
Test/04634.png,26,18
Test/04635.png,20,23
Test/04639.png,30,11
Test/04702.png,25,11
Test/04709.png,40,37
Test/04711.png,3,2
Test/04716.png,7,5
Test/04727.png,18,26
Test/04739.png,7,5
Test/04783.png,25,11
Test/04786.png,23,19
Test/04794.png,25,27
Test/04803.png,4,25
Test/04886.png,18,11
Test/04887.png,11,30
Test/04897.png,4,39
Test/04967.png,7,1
Test/04983.png,12,2
Test/05057.png,27,1
Test/05062.png,38,34
Test/05093.png,23,31
Test/05095.png,22,24
Test/05149.png,18,11
Test/05151.png,25,11
Test/05180.png,18,21
Test/05182.png,12,15
Test/05227.png,11,1
Test/05233.png,27,1
Test/05251.png,26,32
Test/05268.png,18,26
Test/05284.png,17,13
Test/05289.png,23,30
Test/05296.png,23,11
Test/05303.png,7,8
Test/05313.png,30,29
Test/05319.png,18,28
Test/05357.png,17,15
Test/05369.png,40,34
Test/05380.png,15,12
Test/05458.png,12,2
Test/05464.png,23,30
Test/05476.png,11,1
Test/05490.png,40,6
Test/05507.png,25,39
Test/05518.png,27,24
Test/05521.png,6,32
Test/05534.png,7,4
Test/05537.png,1,7
Test/05557.png,25,11
Test/05558.png,33,35
Test/05560.png,7,8
Test/05562.png,26,25
Test/05565.png,8,20
Test/05601.png,40,37
Test/05625.png,10,29
Test/05629.png,23,19
Test/05635.png,17,13
Test/05641.png,3,8
Test/05659.png,40,37
Test/05667.png,27,1
Test/05693.png,27,11
Test/05786.png,42,7
Test/05799.png,6,32
Test/05807.png,25,4
Test/05830.png,1,5
Test/05839.png,23,30
Test/05844.png,18,29
Test/05872.png,12,34
Test/05892.png,13,27
Test/05893.png,18,26
Test/05895.png,27,11
Test/05915.png,18,21
Test/05924.png,6,12
Test/05934.png,12,18
Test/05972.png,38,13
Test/05977.png,7,8
Test/06013.png,23,31
Test/06090.png,30,31
Test/06129.png,38,13
Test/06177.png,3,5
Test/06189.png,7,8
Test/06192.png,21,19
Test/06199.png,6,12
Test/06200.png,26,11
Test/06220.png,26,22
Test/06255.png,6,32
Test/06261.png,41,9
Test/06267.png,40,37
Test/06321.png,42,41
Test/06324.png,6,12
Test/06329.png,7,5
Test/06334.png,26,18
Test/06341.png,25,21
Test/06356.png,26,15
Test/06369.png,25,11
Test/06391.png,25,27
Test/06447.png,17,12
Test/06469.png,4,7
Test/06476.png,23,30
Test/06496.png,23,30
Test/06509.png,27,24
Test/06555.png,7,8
Test/06588.png,5,3
Test/06600.png,5,2
Test/06612.png,27,11
Test/06613.png,3,5
Test/06644.png,23,31
Test/06693.png,41,9
Test/06710.png,12,32
Test/06731.png,26,22
Test/06739.png,25,21
Test/06766.png,18,11
Test/06789.png,8,3
Test/06838.png,18,0
Test/06848.png,17,13
Test/06862.png,39,3
Test/06878.png,18,25
Test/06893.png,25,30
Test/06901.png,22,24
Test/06910.png,7,8
Test/06913.png,23,31
Test/06919.png,1,4
Test/06920.png,24,31
Test/06922.png,17,13
Test/06923.png,7,8
Test/06960.png,17,26
Test/07003.png,7,8
Test/07038.png,7,5
Test/07039.png,7,8
Test/07044.png,11,30
Test/07068.png,31,11
Test/07073.png,27,11
Test/07081.png,30,29
Test/07085.png,42,11
Test/07088.png,25,11
Test/07098.png,25,27
Test/07113.png,23,11
Test/07122.png,41,9
Test/07157.png,8,20
Test/07225.png,27,11
Test/07258.png,42,7
Test/07276.png,10,12
Test/07305.png,42,6
Test/07306.png,18,24
Test/07330.png,7,8
Test/07418.png,12,21
Test/07525.png,30,31
Test/07553.png,27,24
Test/07568.png,23,31
Test/07578.png,22,24
Test/07579.png,2,18
Test/07593.png,26,18
Test/07597.png,31,5
Test/07603.png,17,15
Test/07607.png,7,5
Test/07633.png,11,30
Test/07639.png,12,35
Test/07655.png,12,34
Test/07714.png,25,21
Test/07715.png,20,28
Test/07725.png,18,11
Test/07750.png,3,5
Test/07756.png,8,20
Test/07786.png,31,21
Test/07790.png,38,13
Test/07810.png,7,8
Test/07861.png,5,3
Test/07917.png,22,24
Test/07926.png,5,2
Test/07928.png,6,3
Test/07941.png,1,4
Test/07967.png,8,9
Test/07990.png,7,8
Test/07995.png,23,31
Test/07997.png,18,27
Test/08027.png,38,1
Test/08044.png,25,27
Test/08051.png,3,5
Test/08052.png,18,31
Test/08058.png,18,10
Test/08115.png,1,2
Test/08141.png,7,8
Test/08187.png,26,18
Test/08194.png,29,28
Test/08208.png,6,32
Test/08212.png,5,3
Test/08228.png,31,29
Test/08240.png,23,31
Test/08278.png,8,20
Test/08284.png,18,1
Test/08291.png,13,25
Test/08292.png,18,21
Test/08309.png,18,11
Test/08332.png,31,18
Test/08344.png,40,6
Test/08360.png,4,8
Test/08365.png,23,31
Test/08376.png,18,25
Test/08377.png,25,11
Test/08421.png,4,7
Test/08422.png,27,11
Test/08424.png,37,39
Test/08431.png,6,5
Test/08476.png,14,3
Test/08493.png,7,5
Test/08499.png,6,32
Test/08531.png,4,1
Test/08549.png,30,11
Test/08585.png,27,24
Test/08587.png,26,4
Test/08620.png,31,23
Test/08624.png,30,13
Test/08679.png,2,1
Test/08702.png,26,4
Test/08704.png,5,2
Test/08710.png,17,2
Test/08720.png,4,1
Test/08736.png,5,1
Test/08749.png,18,24
Test/08750.png,25,11
Test/08770.png,6,12
Test/08788.png,7,8
Test/08824.png,30,11
Test/08895.png,24,29
Test/08918.png,6,12
Test/08923.png,8,4
Test/08932.png,38,13
Test/08937.png,2,1
Test/08945.png,4,1
Test/08960.png,42,12
Test/09006.png,23,31
Test/09073.png,18,24
Test/09087.png,18,26
Test/09127.png,28,29
Test/09158.png,27,24
Test/09213.png,23,2
Test/09239.png,22,24
Test/09242.png,18,16
Test/09243.png,7,1
Test/09254.png,18,24
Test/09303.png,18,19
Test/09314.png,5,7
Test/09330.png,25,27
Test/09339.png,23,30
Test/09357.png,12,35
Test/09389.png,20,28
Test/09429.png,5,2
Test/09434.png,23,20
Test/09437.png,35,3
Test/09448.png,12,32
Test/09458.png,23,28
Test/09475.png,41,9
Test/09494.png,20,23
Test/09497.png,25,11
Test/09509.png,27,18
Test/09531.png,16,9
Test/09536.png,20,29
Test/09545.png,6,12
Test/09574.png,5,3
Test/09608.png,31,29
Test/09628.png,18,38
Test/09659.png,22,24
Test/09661.png,30,9
Test/09687.png,2,1
Test/09688.png,23,24
Test/09689.png,4,8
Test/09733.png,4,15
Test/09753.png,25,11
Test/09762.png,25,27
Test/09769.png,30,11
Test/09792.png,21,6
Test/09797.png,11,30
Test/09835.png,21,6
Test/09876.png,4,1
Test/09880.png,39,35
Test/09929.png,1,4
Test/09935.png,17,13
Test/09961.png,31,5
Test/09975.png,40,37
Test/10016.png,30,29
Test/10024.png,18,28
Test/10028.png,18,24
Test/10029.png,5,7
Test/10067.png,25,27
Test/10119.png,20,29
Test/10124.png,11,30
Test/10156.png,22,24
Test/10169.png,40,0
Test/10177.png,18,25
Test/10201.png,5,2
Test/10204.png,21,6
Test/10205.png,26,25
Test/10251.png,35,3
Test/10289.png,5,15
Test/10292.png,41,9
Test/10300.png,7,8
Test/10318.png,18,24
Test/10324.png,12,2
Test/10328.png,18,11
Test/10356.png,7,8
Test/10359.png,12,2
Test/10362.png,17,13
Test/10367.png,27,24
Test/10389.png,33,13
Test/10393.png,20,23
Test/10396.png,23,31
Test/10398.png,21,1
Test/10401.png,1,19
Test/10425.png,21,19
Test/10454.png,5,3
Test/10510.png,12,11
Test/10524.png,25,11
Test/10526.png,21,19
Test/10546.png,1,12
Test/10561.png,4,1
Test/10564.png,39,33
Test/10572.png,22,24
Test/10575.png,40,37
Test/10584.png,30,31
Test/10713.png,42,20
Test/10714.png,18,27
Test/10812.png,12,32
Test/10835.png,40,6
Test/10841.png,1,2
Test/10845.png,39,33
Test/10866.png,25,27
Test/10878.png,27,31
Test/10904.png,8,3
Test/10905.png,17,13
Test/10927.png,35,11
Test/10977.png,17,13
Test/10989.png,17,15
Test/10995.png,18,11
Test/11001.png,8,5
Test/11016.png,3,13
Test/11036.png,25,11
Test/11070.png,6,12
Test/11089.png,18,11
Test/11128.png,6,32
Test/11132.png,25,21
Test/11142.png,5,8
Test/11152.png,17,13
Test/11173.png,30,31
Test/11178.png,16,20
Test/11183.png,26,18
Test/11222.png,7,5
Test/11239.png,23,30
Test/11312.png,11,30
Test/11361.png,8,20
Test/11366.png,27,24
Test/11393.png,21,19
Test/11415.png,27,26
Test/11426.png,10,23
Test/11459.png,12,36
Test/11465.png,8,4
Test/11478.png,4,7
Test/11518.png,37,39
Test/11520.png,1,4
Test/11529.png,18,31
Test/11564.png,30,39
Test/11593.png,18,24
Test/11616.png,38,40
Test/11617.png,30,28
Test/11625.png,26,18
Test/11643.png,18,24
Test/11650.png,3,5
Test/11654.png,11,31
Test/11666.png,25,11
Test/11730.png,17,13
Test/11741.png,34,40
Test/11752.png,8,3
Test/11767.png,5,25
Test/11797.png,38,13
Test/11833.png,40,37
Test/11895.png,23,31
Test/11907.png,1,2
Test/11964.png,7,8
Test/11980.png,8,3
Test/11985.png,7,8
Test/11999.png,23,31
Test/12004.png,2,1
Test/12006.png,22,24
Test/12008.png,22,29
Test/12022.png,8,9
Test/12024.png,26,4
Test/12040.png,26,32
Test/12054.png,12,21
Test/12082.png,10,5
Test/12092.png,38,13
Test/12105.png,19,24
Test/12111.png,21,1
Test/12113.png,8,4
Test/12117.png,31,30
Test/12120.png,25,11
Test/12135.png,40,37
Test/12141.png,5,2
Test/12155.png,25,11
Test/12169.png,1,21
Test/12174.png,4,1
Test/12178.png,3,29
Test/12181.png,18,24
Test/12182.png,2,1
Test/12226.png,26,18
Test/12264.png,18,25
Test/12276.png,42,11
Test/12339.png,22,26
Test/12354.png,26,4
Test/12363.png,8,20
Test/12364.png,3,5
Test/12369.png,24,11
Test/12377.png,18,7
Test/12396.png,3,13
Test/12409.png,20,23
Test/12423.png,41,9
Test/12435.png,40,37
Test/12437.png,29,28
Test/12474.png,3,5
Test/12475.png,40,35
Test/12482.png,2,1
Test/12518.png,18,31
Test/12525.png,20,23
Test/12569.png,11,30
Test/12608.png,18,24
Test/12616.png,18,11
Test/12627.png,6,32
